{"applications":[{"id":1,"houseId":1,"tenantAddress":"0x1234567890abcdef","leaseStartTime":"2023-01-01","leaseEndTime":"2023-12-31","status":"applied","houseName":"Cozy Apartment","rent":1200,"gurantee":1000,"houseAddress":"123 Main St","landlord":"0x123abc","Pic":"https://encrypted-tbn0.gstatic.com/images?q=tbn:ANd9GcQNkfKSHX3NT1TLEp9P97dNBqBINBqGvwgoog&usqp=CAU","deposit":500,"contractAddr":""},{"id":2,"houseId":2,"tenantAddress":"0xE34D138fCEFb90817b3D47C70cc433Ea6d747eBa","leaseStartTime":"111","leaseEndTime":"222","status":"applied","houseName":"Cozy Apartment","rent":1200,"gurantee":1000,"houseAddress":"123 Main St","landlord":"0x123abc","deposit":500,"Pic":"https://encrypted-tbn0.gstatic.com/images?q=tbn:ANd9GcQNkfKSHX3NT1TLEp9P97dNBqBINBqGvwgoog&usqp=CAU","contractAddr":""},{"id":3,"houseId":7,"tenantAddress":"0xE34D138fCEFb90817b3D47C70cc433Ea6d747eBa","leaseStartTime":"2023-12-09","leaseEndTime":"2024-12-09","status":"outdated","houseName":"Cozy Apartment","rent":1200,"gurantee":1000,"houseAddress":"123 Main St","landlord":"0xC7E021e6064fa7E2ebcffD9860319c35933AECd4","deposit":500,"Pic":"https://encrypted-tbn0.gstatic.com/images?q=tbn:ANd9GcQNkfKSHX3NT1TLEp9P97dNBqBINBqGvwgoog&usqp=CAU","contractAddr":"0x5FbDB2315678afecb367f032d93F642f64180aa3"},{"id":4,"houseId":1,"tenantAddress":"0xC7E021e6064fa7E2ebcffD9860319c35933AECd4","leaseStartTime":"2023-12-10","leaseEndTime":"2024-12-10","status":"minted","houseName":"Cozy Apartment","rent":1200,"gurantee":1000,"houseAddress":"123 Main St","landlord":"0xE34D138fCEFb90817b3D47C70cc433Ea6d747eBa","deposit":500,"Pic":"https://encrypted-tbn0.gstatic.com/images?q=tbn:ANd9GcQNkfKSHX3NT1TLEp9P97dNBqBINBqGvwgoog&usqp=CAU","contractAddr":"0x15C171529ea065604D1fbF5f5509919691488BEA"},{"id":5,"houseId":2,"tenantAddress":"0xC7E021e6064fa7E2ebcffD9860319c35933AECd4","leaseStartTime":"23-01-01","leaseEndTime":"24-01-01","status":"signed","houseName":"Cozy Apartment","rent":1200,"gurantee":1000,"houseAddress":"123 Main St","landlord":"0xE34D138fCEFb90817b3D47C70cc433Ea6d747eBa","deposit":500,"Pic":"https://encrypted-tbn0.gstatic.com/images?q=tbn:ANd9GcQNkfKSHX3NT1TLEp9P97dNBqBINBqGvwgoog&usqp=CAU","contractAddr":"0x07C6F4268d547aEf8949fAC21CC2349130A1622b"},{"id":6,"houseId":2,"tenantAddress":"0xC7E021e6064fa7E2ebcffD9860319c35933AECd4","leaseStartTime":"1","leaseEndTime":"2","status":"signed","houseName":"Cozy Apartment","rent":1200,"gurantee":1000,"houseAddress":"123 Main St","landlord":"0xE34D138fCEFb90817b3D47C70cc433Ea6d747eBa","deposit":500,"Pic":"https://encrypted-tbn0.gstatic.com/images?q=tbn:ANd9GcQNkfKSHX3NT1TLEp9P97dNBqBINBqGvwgoog&usqp=CAU","contractAddr":"0x83C249AaC0B801c91FD10F3ABcc5EdB15A5a113E"},{"id":7,"houseId":2,"tenantAddress":"0xC7E021e6064fa7E2ebcffD9860319c35933AECd4","leaseStartTime":"1","leaseEndTime":"2","status":"minted","houseName":"Cozy Apartment","rent":1200,"gurantee":1000,"houseAddress":"123 Main St","landlord":"0xE34D138fCEFb90817b3D47C70cc433Ea6d747eBa","deposit":500,"Pic":"https://encrypted-tbn0.gstatic.com/images?q=tbn:ANd9GcQNkfKSHX3NT1TLEp9P97dNBqBINBqGvwgoog&usqp=CAU","contractAddr":"0xA6a382206FC1D8fA19B54edf559bdbe6E1520001"},{"id":8,"houseId":2,"tenantAddress":"0xC7E021e6064fa7E2ebcffD9860319c35933AECd4","leaseStartTime":"1","leaseEndTime":"2","status":"created","houseName":"Cozy Apartment","rent":1200,"gurantee":1000,"houseAddress":"123 Main St","landlord":"0xE34D138fCEFb90817b3D47C70cc433Ea6d747eBa","deposit":500,"Pic":"https://encrypted-tbn0.gstatic.com/images?q=tbn:ANd9GcQNkfKSHX3NT1TLEp9P97dNBqBINBqGvwgoog&usqp=CAU","contractAddr":"0xf3340d532976Be2d2b3a360E7c75e502d0EFbbcf"}]}