{
    "nfts": [
      {
        "NFTID": 1,
        "NFTName": "第一份租约",
        "NFTDescription": "这可是第一份租约NFT",
        "ExpectPrice": 100,
        "Pic": "https://encrypted-tbn0.gstatic.com/images?q=tbn:ANd9GcQNkfKSHX3NT1TLEp9P97dNBqBINBqGvwgoog&usqp=CAU",
        "PublicAddress": "0xE34D138fCEFb90817b3D47C70cc433Ea6d747eBa",
        "Time": "2023-12-04"
      },
      {
        "NFTID": 2,
        "NFTName": "第一份租约",
        "NFTDescription": "这可是第一份租约NFT",
        "ExpectPrice": 100,
        "Pic": "https://encrypted-tbn0.gstatic.com/images?q=tbn:ANd9GcQNkfKSHX3NT1TLEp9P97dNBqBINBqGvwgoog&usqp=CAU",
        "PublicAddress": "0xE34D138fCEFb90817b3D47C70cc433Ea6d747eBa",
        "Time": "2023-12-04"
      },
      {
        "NFTID": 3,
        "NFTName": "第一份租约",
        "NFTDescription": "这可是第一份租约NFT",
        "ExpectPrice": 100,
        "Pic": "https://encrypted-tbn0.gstatic.com/images?q=tbn:ANd9GcQNkfKSHX3NT1TLEp9P97dNBqBINBqGvwgoog&usqp=CAU",
        "PublicAddress": "0xE34D138fCEFb90817b3D47C70cc433Ea6d747eBa",
        "Time": "2023-12-04"
      },
      {
        "NFTID": 4,
        "NFTName": "第一份租约",
        "NFTDescription": "这可是第一份租约NFT",
        "ExpectPrice": 100,
        "Pic": "https://encrypted-tbn0.gstatic.com/images?q=tbn:ANd9GcQNkfKSHX3NT1TLEp9P97dNBqBINBqGvwgoog&usqp=CAU",
        "PublicAddress": "0xE34D138fCEFb90817b3D47C70cc433Ea6d747eBa",
        "Time": "2023-12-04"
      },
      {
        "NFTID": 5,
        "NFTName": "这是很独特的一份租约",
        "NFTDescription": "这可是第一份租约NFT",
        "ExpectPrice": 100,
        "Pic": "https://encrypted-tbn0.gstatic.com/images?q=tbn:ANd9GcQNkfKSHX3NT1TLEp9P97dNBqBINBqGvwgoog&usqp=CAU",
        "PublicAddress": "0xC7E021e6064fa7E2ebcffD9860319c35933AECd4",
        "Time": "2023-12-04"
      },
      {
        "NFTID": 6,
        "NFTName": "这是另一份很独特的租约",
        "NFTDescription": "这可是第一份租约NFT",
        "ExpectPrice": 100,
        "Pic": "https://encrypted-tbn0.gstatic.com/images?q=tbn:ANd9GcQNkfKSHX3NT1TLEp9P97dNBqBINBqGvwgoog&usqp=CAU",
        "PublicAddress": "0xC7E021e6064fa7E2ebcffD9860319c35933AECd4",
        "Time": "2023-12-04"
      }
    ]
  }
  